{
  "channel_1": [
    {
      "timestamp": 1754291309.5830147,
      "p1_avg": 220.55769354568994,
      "p1_range": 0.021451915544779418,
      "cpk_p1": 0.0,
      "p5u_avg": 220.4749626843409,
      "p5u_range": 0.06765243190284931,
      "cpk_p5u": 0.0,
      "p5l_avg": 424.94697984074276,
      "p5l_range": 0.08692533525748475,
      "cpk_p5l": 0.0,
      "p3_avg": 425.86104187037745,
      "p3_range": 0.168254558757178,
      "cpk_p3": 0.0,
      "p4_avg": 2.1909715014798246,
      "p4_range": 0.0031688721185576707,
      "cpk_p4": 0.0
    }
  ],
  "channel_2": [],
  "channel_3": [],
  "channel_4": [],
  "channel_5": []
}